filename,actionFlag,nullHyperlinkFlag,suspecLinkFlag,outLinkFlag,zeroLinkFlag,outCssFlag
http://qq.com,1,0.0294,0,0.0364,0,0
http://sohu.com,0,0,0,0.0947,0,0
http://weibo.com,0,0,0,0,1,0
http://sina.com.cn,1,0.0283,0.022,0.0991,0,0
http://163.com,0,0.1891,0.0005,0.0373,0,0
http://douban.com,0,0.0174,0,0.0217,0,0
http://tv.sohu.com,0,0.0074,0,0.0135,0,0
http://iqiyi.com,0,0.3684,0,0.0145,0,0
http://youku.com,0,0,0,0.0375,0,0
http://autohome.com.cn,0,0.0488,0,0.0383,0,0
http://ifeng.com,0,0,0.0016,0.0129,0,0
http://zol.com.cn,0,0.0012,0.0695,0.0857,0,0
http://v.qq.com,0,0.0057,0,0.0105,0,0
http://eastmoney.com,0,0.0142,0.0049,0.074,0,0
http://sogou.com,0,0,0.0253,0.0759,0,0
http://people.com.cn,0,0.0011,0.0155,0.182,0,1
http://so.com,0,0.1282,0,0,0,0
http://taobao.com,0,0.0379,0.0303,0.1364,0,0
http://58.com,0,0.0013,0,0.0151,0,0
http://bilibili.com,0,0.0132,0,0.0132,0,0
http://qidian.com,0,0.0047,0.0189,0.0284,0,0
http://ctrip.com,0,0.0498,0.017,0.079,0,0
http://jd.com,0,0.0219,0,0,0,0
http://mafengwo.cn,0,0,0,0,1,0
http://fang.com,0,0,0,0,1,0
http://360doc.com,0,0,0,0,1,0
http://movie.douban.com,1,0.0187,0,0.0312,0,1
http://pconline.com.cn,0,0,0.0008,0.0212,0,0
http://pcbaby.com.cn,0,0.0144,0.0004,0.1614,0,0
http://kugou.com,0,0.1085,0,0.1038,0,0
http://dict.cn,0,0.0238,0,0.0714,0,1
http://weather.com.cn,0,0.0062,0.0031,0.0679,0,1
http://kuwo.cn,0,0.2199,0,0.1411,0,0
http://39.net,0,0.0038,0.0011,0.021,0,0
http://1905.com,0,0,0,0.089,0,0
http://120ask.com,0,0,0,0,1,0
http://onlinedown.net,0,0.0005,0,0.0389,0,0
http://tianqi.com,0,0,0.0164,0.1589,0,0
http://911cha.com,0,0,0,0,1,0
http://csdn.net,0,0,0,0.0565,0,0
http://gushiwen.org,0,0,0.5642,0.0467,0,0
http://blog.csdn.net,0,0,0,0.011,0,0
http://cnblogs.com,0,0.0055,0.0055,0.1099,0,0
http://y.qq.com,0,0.4797,0,0.1138,0,0
http://pclady.com.cn,0,0.0174,0.0007,0.1256,0,0
http://kuaidi100.com,0,0.037,0,0.2037,0,0
http://baike.pcbaby.com.cn,0,0.0713,0,0.0876,0,0
http://v.ifeng.com,0,0,0,0,0,0
http://ruiwen.com,0,0.0237,0,0.013,0,0
http://baike.com,0,0.0078,0.0039,0.0936,0,1
http://meishij.net,1,0.0036,0.0325,0.13,0,0
http://360.cn,1,0.0094,0.0258,0.1643,0,0
http://zhihu.com,0,0,0,0,1,0
http://cncn.com,0,0.25,0.0041,0.0826,0,0
http://4399.com,0,0.025,0.0009,0.1426,0,0
http://guba.eastmoney.com,0,0.0063,0.0084,0.0422,0,0
http://1688.com,0,0.1395,0,0.1337,0,0
http://tvmao.com,0,0,0,0,1,0
http://hao123.com,1,0.0635,0,0.7328,0,0
http://xinshipu.com,0,0.2059,0,0,0,0
http://xiachufang.com,0,0,0,0.0163,0,0
http://music.163.com,0,0.5024,0,0.0047,0,0
http://mama.cn,0,0.0366,0.0065,0.1427,0,0
http://iciba.com,0,0,0,0,1,0
http://jia.com,0,0.0281,0,0.0734,0,0
http://you.ctrip.com,0,0.0238,0.0079,0.0576,0,0
http://tieba.baidu.com,0,0.125,0,0.0076,0,0
http://wenku.baidu.com,0,0.0017,0,0.0153,0,0
http://zhidao.baidu.com,0,0.0508,0,0,0,1
http://image.baidu.com,0,0.0714,0,0,0,0
http://xh.5156edu.com,1,0,0.0118,0,0,0
http://jingyan.baidu.com,0,0.0154,0,0,0,0
http://map.baidu.com,0,0,0,0,1,0
http://www.zybang.com,0,0.1333,0,0.2,0,1
http://v.baidu.com,0,0.0184,0,0.0429,0,1
http://www.douyu.com,0,0.0267,0,0.0978,0,1
http://biquge.info,0,0.0141,0.0047,0.0516,0,0
http://tianya.cn,0,0,0,0.5,0,1
http://hupu.com,0,0.0098,0.0049,0.113,0,0
http://eastday.com,1,0.0019,0.0019,0.2111,0,1
http://china.com.cn,0,0,0,0.1199,0,0
http://lvyou.baidu.com,0,0,0,0.0971,0,0
http://gaosan.com,0,0.0044,0,0.0789,0,0
http://jjwxc.net,0,0.0303,0.0909,0.2121,0,0
http://chinaz.com,0,0.0011,0.0022,0.0223,0,0
http://smzdm.com,0,0.0864,0,0.0354,0,0
http://bbs.tianya.cn,0,0.0168,0,0.002,0,1
http://gamersky.com,0,0,0,0,1,0
http://huya.com,0,0,0.0078,0.1783,0,1
http://ali213.net,0,0,0,0.0463,0,0
http://3dmgame.com,0,0.006,0,0.0732,0,0
http://fanyi.baidu.com,0,0.0085,0,0.0684,0,0
http://music.baidu.com,0,0.2508,0,0.0735,0,0
http://pptv.com,0,0.0562,0,0.0226,0,0
http://finance.sina.com.cn,0,0.0081,0.074,0.0569,0,0
http://hexun.com,0,0.0093,0.0093,0.0481,0,0
http://17173.com,0,0.0611,0.0009,0.1282,0,0
http://mtime.com,0,0.0124,0,0.0166,0,0
http://xcar.com.cn,0,0,0,0,1,0
http://news.ifeng.com,0,0,0.0045,0.2768,0,0
http://ccb.com,0,0,0,0,1,0
http://zdic.net,0,0,0.0938,0.1094,0,0
http://7k7k.com,0,0.0037,0.011,0.0154,0,0
http://pcauto.com.cn,0,0.1438,0.0004,0.0342,0,0
http://mbalib.com,0,0,0,0.04,0,0
http://w3school.com.cn,1,0,0.9231,0.0462,0,0
http://cntv.cn,0,0.0149,0,0.9538,0,0
http://book.douban.com,0,0.0445,0.0342,0.0103,0,1
http://xiaohongshu.com,0,0,0,0,1,0
http://bitauto.com,1,0.0056,0.0014,0.2193,0,0
http://51240.com,0,0.0079,0,0.0237,0,0
http://51test.net,0,0,0.0026,0.0571,0,0
http://pc6.com,0,0,0,0.029,0,0
http://quote.eastmoney.com,0,0.0259,0.0029,0.0605,0,0
http://8684.cn,0,0,0.0083,0.1736,0,0
http://360kan.com,0,0.0596,0.1836,0.0099,0,0
http://booktxt.net,0,0,0.0566,0,0,0
http://xinhuanet.com,1,0.0139,0.0013,0.2393,0,0
http://liuxue86.com,0,0.0038,0,0.0073,0,0
http://youdao.com,0,0.0238,0.0238,0.1429,0,0
http://51job.com,0,0,0.0603,0.0261,0,0
http://google.cn,0,0,0,0.75,0,0
http://zhibo8.cc,0,0,0.2269,0.508,0,0
http://blog.sina.com.cn,0,0.0112,0.0074,0.0223,0,0
http://zhaopin.com,0,0.0014,0.0014,0.1048,0,0
http://alipay.com,0,0.1818,0.0455,0.3182,0,0
http://anjuke.com,0,0,0,0.0138,0,1
http://xiami.com,0,0,0,0,1,0
http://toutiao.com,0,0,0,0,1,0
http://chinadaily.com.cn,0,0,0,0,1,0
http://wiki.mbalib.com,0,0.0021,0.0172,0,0,0
http://58pic.com,0,0.0456,0.0977,0.0684,0,0
http://qunar.com,0,0.0809,0.0108,0.035,0,0
http://hao.360.cn,1,0.0438,0.0018,0.2676,0,0
http://weixin.qq.com,0,0,0,0.0714,0,0
http://hujiang.com,0,0,0,0,1,0
http://yesky.com,0,0.0013,0,0.1093,0,0
http://xuexila.com,0,0.0021,0.0021,0.0761,0,0
http://baixing.com,0,0.0088,0.0018,0.0864,0,0
http://news.qq.com,0,0,0,0,1,0
http://www.boc.cn,1,0.0089,0,0.2552,0,0
http://ip138.com,1,0,0.0109,0.2283,0,0
http://xiangha.com,0,0.0556,0,0.0787,0,0
http://china.com,0,0.003,0,0.0417,0,0
http://kanzhun.com,0,0,0,0,1,0
http://fund.eastmoney.com,0,0.0006,0.0042,0.1941,0,0
http://unjs.com,0,0,0,0.1351,0,0
http://yxdown.com,0,0.0303,0,0.0636,0,0
http://ganji.com,0,0.0013,0.0467,0.0214,0,0
http://yinyuetai.com,0,0.1026,0,0.0385,0,0
http://faloo.com,0,0,0.0427,0.122,0,0
http://66law.cn,0,0,0.389,0.0209,0,0
http://bendibao.com,1,0.0075,0,0.005,0,0
http://docin.com,0,0.0036,0,0.0873,0,1
http://b.faloo.com,0,0,0.0191,0.0322,0,0
http://offcn.com,1,0.003,0.0049,0.3633,0,0
http://sports.sina.com.cn,0,0.0064,0.0046,0.0285,0,0
http://mp.weixin.qq.com,0,0.0312,0,0.0312,0,0
http://mail.163.com,0,0,0,0.0488,0,0
http://haodf.com,0,0,0,0,1,0
http://pingan.com,0,0,0.0049,0.3024,0,0
http://detail.zol.com.cn,0,0.0496,0.0349,0.0317,0,0
http://zongheng.com,0,0.0023,0.0023,0.1285,0,0
http://jiameng.com,0,0,0,1,0,0
http://news.sohu.com,0,0.0045,0,0.1514,0,0
http://cnki.net,0,0,0.0185,0.0481,0,0
http://www.dianping.com,0,0,0,0.0714,0,0
http://122.gov.cn,0,0,0,0,1,0
http://huawei.com,0,0.0609,0.0128,0.0833,0,0
http://eol.cn,0,0.0208,0.0016,0.0817,0,0
http://nba.com,0,0.015,0,0.5935,0,0
http://lianjia.com,0,0,0,0,1,0
http://price.pcauto.com.cn,0,0.0303,0,0,0,0
http://ent.qq.com,1,0.0048,0.0008,0.0787,0,0
http://zdface.com,0,0.0284,0,0.1225,0,0
http://sc.chinaz.com,0,0,0.004,0.03,0,0
http://lz13.cn,0,0,0,0.0257,0,0
http://doyo.cn,0,0.0033,0,0.0196,0,0
http://redocn.com,0,0.0455,0.0017,0.1171,0,0
http://d1xz.net,0,0.0186,0.5315,0.0516,0,0
http://doc88.com,0,0.1375,0.15,0.025,0,0
http://aizhan.com,0,0,0.0108,0.0649,0,0
http://juzimi.com,0,0,0,0,1,0
http://translate.google.cn,0,0,0,0.5556,0,1
http://car.autohome.com.cn,0,0.0024,0,0,0,0
http://manhuatai.com,0,0,0,0.0476,0,0
http://dmzj.com,0,0.0577,0,0.0096,0,0
http://www.mi.com,0,0.0088,0,0.0658,0,0
http://suning.com,0,0.0702,0,0.0246,0,0
http://tvsou.com,0,0,0.0036,0.2071,0,0
http://mail.qq.com,0,0,0,0.0625,0,1
http://ximalaya.com,0,0,0,0,1,0
http://meishichina.com,0,0.0023,0,0.0519,0,0
http://news.sina.com.cn,0,0.0068,0.0301,0.1191,0,0
http://dict.youdao.com,0,0.0238,0.0238,0.1429,0,0
http://dytt8.net,0,0.0036,0,0.0089,0,0
http://maigoo.com,0,0.0363,0,0.0544,0,0
http://18183.com,1,0.0005,0.0005,0.1174,0,0
http://xywy.com,0,0.0865,0.0198,0.0743,0,0
http://news.163.com,1,0.0181,0,0.2155,0,0
http://so.gushiwen.org,0,0,0,0,1,0
http://guancha.cn,0,0.0032,0.0008,0.0142,0,0
http://sports.qq.com,0,0.0971,0.0022,0.0993,0,0
http://flights.ctrip.com,0,0.2097,0.0334,0.1277,0,0
http://nuomi.com,0,0.0177,0,0.0638,0,0
http://sports.sohu.com,0,0,0.0808,0.0053,0,0
http://qq.ip138.com,0,0,0.0952,0.0952,0,0
http://xbiao.com,0,0.0209,0.0417,0.0654,0,0
http://gkcx.eol.cn,0,0,0,0,1,0
http://maoyan.com,0,0,0.03,0.09,0,0
http://juqingba.cn,1,0.0055,0,0.0771,0,0
http://ent.sina.com.cn,0,0.019,0.0011,0.1196,0,0
http://jianshu.com,0,0,0,0,1,0
http://ivsky.com,0,0,0,0.1087,0,0
http://bytravel.cn,0,0,0,0,1,0
http://jmw.com.cn,0,0.0087,0.0515,0.0228,0,0
http://51credit.com,0,0.0222,0,0.1333,0,0
http://cr173.com,0,0.0024,0,0.0782,0,0
http://renren.com,0,0.0192,0,0.25,0,1
http://tuliu.com,0,0.0071,0.0048,0.1619,0,0
http://www.chsi.com.cn,0,0,0,0.3097,0,1
http://fh21.com.cn,0,0.0188,0,0.1009,0,0
http://2345.com,0,0.0381,0.0296,0.4271,0,0
http://yw11.com,0,0,0.0488,0.0395,0,0
http://hydcd.com,0,0,0,0.0736,0,0
http://leha.com,0,0.0099,0,0.0377,0,0
http://sh.qihoo.com,1,0.0312,0.0156,0.5859,0,0
http://80txt.com,0,0,0.0016,0.0459,0,0
http://ask.39.net,0,0,0,0,1,0
http://elecfans.com,1,0.0035,0.0177,0.1062,0,0
http://china-10.com,0,0.078,0,0.0683,0,0
http://cngold.org,0,0.0008,0,0.0017,0,1
http://haodou.com,0,0,0.2203,0.2938,0,0
http://wx.qq.com,0,0.2353,0,0.1765,0,0
http://fanyi.youdao.com,0,0.7273,0,0.0152,0,1
http://360kad.com,0,0.002,0.2454,0.033,0,0
http://yue365.com,0,0,0,0.0623,0,0
http://enterdesk.com,0,0.0026,0,0.0885,0,0
http://shangc.net,0,0.0056,0,0.1732,0,0
http://xzw.com,0,0.0017,0,0.0915,0,0
http://manmankan.com,0,0,0,0.0258,0,0
http://ac.qq.com,0,0,0,0.0048,0,0
http://91jm.com,0,0.0005,0.0005,0.0189,0,0
http://9ku.com,0,0.0051,0,0.0212,0,0
http://64365.com,0,0,0.1416,0.0838,0,0
http://7y7.com,0,0.0082,0,0.0655,0,0
http://9game.cn,0,0.0024,0,0.1014,0,0
http://finance.ifeng.com,0,0.0144,0.0072,0.0072,0,0
http://manhua.dmzj.com,0,0,0,0.0172,0,0
http://chachaba.com,0,0,0,0,1,0
http://im.qq.com,0,0.075,0,0.1,0,0
http://jianke.com,0,0,0,0.04,0,0
http://1ting.com,0,0.0042,0.0014,0.0407,0,0
http://mgtv.com,0,0.0235,0.0157,0.0706,0,0
http://cndzys.com,0,0.0158,0,0.0585,0,0
http://ent.ifeng.com,0,0,0,0,0,0
http://ccoo.cn,1,0.0016,0,0.0574,0,1
http://17500.cn,0,0.0344,0.047,0.0919,0,0
http://aliyun.com,0,0.0033,0,0.0426,0,0
http://rednet.cn,1,0.0053,0.0011,0.2577,0,0
http://www.tmall.com,0,0,0,0,0,0
http://www.microsoft.com,0,0,0.0549,0.2857,0,0
http://yy.com,0,0.0833,0,0.2361,0,0
http://che168.com,0,0.0127,0,0.0056,0,0
http://qj.com.cn,0,0.005,0.0006,0.0599,0,0
http://jrj.com.cn,0,0.0541,0,0.0239,0,0
http://dangdang.com,0,0.0039,0.0941,0.0353,0,0
http://le.com,0,0.0152,0.0015,0.0412,0,0
http://baofeng.com,0,0.0024,0,0.1415,0,0
http://nipic.com,0,0,0.0164,0.1639,0,0
http://www.chinairn.com,0,0,0,0.1365,0,0
http://6.cn,0,0.0893,0.1202,0.031,0,0
http://nba.hupu.com,0,0,0,0.1133,0,0
http://zcool.com.cn,0,0.0381,0.0286,0.1238,0,0
http://178.com,0,0.0248,0,0.1801,0,0
http://qqtn.com,0,0.0012,0,0.0826,0,0
http://aicai.com,0,0.0396,0,0.0422,0,0
http://bing.com,0,0.0323,0,0.5806,0,0
http://mydrivers.com,0,0.0712,0,0.0556,0,0
http://jiayuan.com,0,0.8359,0.0808,0.0177,0,1
http://www.adobe.com,0,0.1287,0,0,0,0
http://liebiao.com,0,0,0.0025,0.0639,0,1
http://lofter.com,0,0,0,0,1,0
http://boosj.com,0,0.0047,0,0.1745,0,0
http://chinapp.com,0,0.0121,0,0.0492,0,0
http://buyiju.com,0,0,0.0595,0.1488,0,0
http://safetree.com.cn,0,0.0764,0.1338,0.0828,0,0
http://qfang.com,0,0,0,0.2687,0,0
http://xpgod.com,0,0,0,0.062,0,0
http://www.99zuowen.com,0,0.0026,0.0077,0.0166,0,0
http://dm5.com,0,0,0,0.0163,0,0
http://vip.com,0,0.0294,0.0882,0,0,0
http://xunlei.com,0,0.381,0.0159,0.1587,0,0
http://focus.cn,0,0.0534,0,0.0354,0,0
http://www.chazidian.com,0,0.0026,0,0.0078,0,0
http://moegirl.org,0,0,0.1818,0.1364,0,0
http://sto.cn,0,0.02,0,0.09,0,0
http://www.10086.cn,0,0,0,0,1,0
http://qqyou.com,0,0.0019,0.1029,0.0524,0,0
http://job592.com,0,0,0,0.1935,0,0
http://pan.baidu.com,0,0,0.0455,0,0,0
http://so.redocn.com,0,0.005,0.0025,0.0451,0,0
http://cp2y.com,0,0.0196,0.0065,0.1699,0,0
http://qzone.qq.com,0,0,0,0.05,0,0
http://zgjm.org,0,0,0.0039,0.03,0,0
http://book118.com,0,0.0049,0.0148,0.0345,0,0
http://tv.cctv.com,0,0.0216,0,0.0086,0,1
http://ooopic.com,0,0.2013,0.0941,0.071,0,0
http://tgbus.com,0,0,0,0.027,0,0
http://china.cn,0,0.0156,0.0182,0.0195,0,0
http://zh.moegirl.org,0,0,0.0299,0.009,0,0
http://liqucn.com,0,0,0.0395,0,0,0
http://www.12306.cn,0,0.7754,0,0,0,0
http://sdo.com,0,0,0,0,0,0
http://to8to.com,0,0.062,0.0155,0.0827,0,0
http://www.56.com,0,0.004,0,0.0121,0,0
http://zjtcn.com,0,0,0,0,1,0
http://jisutiyu.com,0,0.0016,0.0501,0.3006,0,0
http://www.189.cn,0,0,0,0.0588,0,0
http://www.cmbchina.com,0,0,0.1135,0.0871,0,0
http://www.10010.com,0,0,0,0,1,0
http://19lou.com,0,0.0643,0,0.1607,0,0
http://chinaacc.com,0,0,0,0.0415,0,0
http://www.icbc.com.cn,0,0,0,0,1,0
http://uuu9.com,0,0.0016,0.0048,0.1356,0,0
http://tuniu.com,0,0.0132,0,0.0245,0,0
http://china.nba.com,0,0.015,0,0.5935,0,0
http://99166.com,0,0.0084,0.0232,0.0989,0,0
http://duanmeiwen.com,0,0,0,0.0106,0,0
http://cn.bing.com,0,0.0323,0,0.5806,0,0
http://amazon.cn,0,0,0.0075,0.1493,0,1
http://tech.ifeng.com,0,0,0,0.2465,0,0
http://yingjiesheng.com,0,0.0008,0.0047,0.0267,0,0
http://5173.com,0,0.2216,0.0324,0.1243,0,1
http://alibaba.com,0,0.0268,0.0179,0.2143,0,0
http://runoob.com,1,0.0165,0,0,0,0
http://sanguosha.com,0,0.0922,0.0184,0.1382,0,0
http://52pk.com,0,0.0132,0.0237,0.0908,0,0
http://fashion.ifeng.com,0,0.012,0,0,0,0
http://movie.mtime.com,0,0.0992,0,0,0,0
http://tencent.com,0,0,0,0,1,0
http://51cto.com,0,0.0559,0.2148,0.0537,0,0
http://51zxw.net,1,0.0299,0.0212,0.0405,0,0
http://www.huanqiu.com,0,0,0,0.0257,0,0
http://3d66.com,0,0.1836,0.0015,0.0262,0,0
http://dzwww.com,0,0.0115,0.0069,0.2676,0,0
http://gome.com.cn,0,0,0.0056,0.067,0,0
http://meitu.com,0,0.1538,0,0.0879,0,0
http://360-bo.com,0,0.0769,0.0063,0.0895,0,0
http://huatu.com,0,0,0.0352,0.1262,0,0
http://17k.com,0,0.0292,0,0.0251,0,0
http://hp.com,0,0,0.003,0.0973,0,0
http://114la.com,1,0.0159,0.0264,0.5509,0,0
http://thepaper.cn,1,0.0292,0,0.0117,0,0
http://nike.com,0,0.0034,0,0.0201,0,0
http://wps.cn,0,0.0105,0,0.3368,0,0
http://news.4399.com,1,0.0025,0.0302,0.1935,0,1
http://99114.com,0,0.0123,0,0.0062,0,0
http://co188.com,0,0,0,0.1765,0,0
http://yundaex.com,0,0,0,0,1,0
http://youth.cn,0,0.0152,0,0.0884,0,0
http://bbs.hupu.com,0,0,0.0055,0.011,0,0
http://mozilla.org,0,0,0,0.2126,0,0
http://ttrar.com,0,0.0009,0,0.0379,0,0
http://meituan.com,0,0,0,0.0158,0,0
http://findlaw.cn,0,0.0075,0.0045,0.006,0,0
http://126.com,0,0,0,0.6757,0,0
http://liepin.com,0,0.0128,0,0.0291,0,0
http://zhms.cn,0,0,0,0.3333,0,1
http://vmall.com,0,0.0563,0.0036,0.0853,0,1
http://so.ooopic.com,0,0.0187,0.0688,0.125,0,0
http://cz89.com,0,0,0.0042,0.2046,0,0
http://jiwu.com,0,0,0,0,1,0
http://gaokao.com,0,0.0004,0,0.0251,0,1
http://linkedin.com,0,0,0,0,0,0
http://lagou.com,1,0.0127,0,0.094,0,0
http://qyer.com,0,0.0759,0.0063,0.2278,0,0
http://kuai8.com,0,0.001,0.0048,0.0534,0,0
http://cnkang.com,0,0.3593,0,0.054,0,0
http://xdf.cn,0,0.0045,0,0.1091,0,0
http://xici.net,0,0.0138,0.0138,0.1,0,0
http://www.acfun.cn,0,0.0361,0.1271,0.0095,0,0
http://gmw.cn,0,0.0034,0,0.0809,0,0
http://zxxk.com,0,0.0033,0.0017,0.0294,0,0
http://kaijiang.500.com,0,0.0365,0.1642,0.0401,0,0
http://12371.cn,0,0.0275,0.1181,0.1016,0,1
http://www.tudou.com,1,0.0203,0,0.0983,0,0
http://xilu.com,0,0.0028,0,0.006,0,0
http://jxedt.com,0,0.0075,0.03,0.015,0,0
http://xueqiu.com,0,0,0,0,1,0
http://1ppt.com,0,0,0.0058,0.1433,0,0
http://yuedu.baidu.com,0,0.0039,0,0.0039,0,0
http://kdnet.net,0,0,0.0321,0.1526,0,0
http://52pojie.cn,1,0.0329,0.4042,0.0749,0,0
http://www.bankcomm.com,0,0,0,0,1,0
http://woshipm.com,0,0.0106,0,0.3564,0,0
http://china.findlaw.cn,0,0.0059,0.004,0.0435,0,0
http://qulishi.com,0,0,0,0,1,0
http://ithome.com,0,0,0,0,1,0
http://kongfz.com,0,0,0,0,1,0
http://jiwu.com,0,0,0,0,1,0
http://gaokao.com,0,0.0004,0,0.0251,0,1
http://linkedin.com,0,0.0154,0,0.0308,0,1
http://lagou.com,1,0.0127,0,0.094,0,0
http://qyer.com,0,0.0759,0.0063,0.2278,0,0
http://kuai8.com,0,0.001,0.0048,0.0534,0,0
http://cnkang.com,0,0.3593,0,0.054,0,0
http://xdf.cn,0,0.0045,0,0.1091,0,0
http://xici.net,0,0.0137,0.0137,0.099,0,0
http://www.acfun.cn,0,0.0361,0.1271,0.0095,0,0
http://gmw.cn,0,0.0034,0,0.0809,0,0
http://zxxk.com,0,0.0033,0.0017,0.0294,0,0
http://kaijiang.500.com,0,0.0365,0.1642,0.0401,0,0
http://12371.cn,0,0.0275,0.1185,0.1019,0,1
http://www.tudou.com,1,0.0203,0,0.0983,0,0
http://xilu.com,0,0.0028,0,0.006,0,0
http://jxedt.com,0,0.0075,0.03,0.015,0,0
http://xueqiu.com,0,0,0,0,1,0
http://1ppt.com,0,0,0.0058,0.1433,0,0
http://yuedu.baidu.com,0,0.0039,0,0.0039,0,0
http://pku.edu.cn,1,0.1321,0.0142,0.0755,0,0
http://kdnet.net,0,0,0.0323,0.1532,0,0
http://52pojie.cn,1,0.0301,0.4036,0.0753,0,0
http://www.bankcomm.com,0,0,0,0,1,0
http://woshipm.com,0,0.0106,0,0.3564,0,0
http://china.findlaw.cn,0,0.0059,0.004,0.0435,0,0
http://qulishi.com,0,0,0,0,1,0
http://ithome.com,0,0,0,0,1,0
http://kongfz.com,0,0,0,0,1,0
http://fx.cp2y.com,0,0.0183,0.0046,0.0274,0,0
http://kankan.com,0,0.0026,0,0.0154,0,0
http://stockpage.10jqka.com.cn,0,0.9222,0.0039,0,0,1
http://zaobao.com,0,0.0028,0.0028,0.0028,0,0
http://lenovo.com.cn,0,0.0054,0.0067,0.4973,0,0
http://baomihua.com,0,0,0.0567,0,0,0
http://woyaogexing.com,0,0.0327,0.0065,0.1242,0,0
http://cyol.com,0,0,0,0,1,0
http://1kkk.com,0,0,0,0.0102,0,0
http://okooo.com,0,0.021,0.021,0.021,0,1
http://samsung.com,0,0.1313,0.0303,0.202,0,0
http://pchome.net,0,0.0032,0.0016,0.0429,0,0
http://dongao.com,0,0.0112,0.0072,0.0337,0,0
http://koolearn.com,0,0.0043,0,0.1066,0,0
http://sz.gov.cn,0,0,0,0,1,0
http://elong.com,0,0,0,0.0443,0,1
http://www.cidianwang.com,0,0,0,0.1615,0,0
http://www.court.gov.cn,0,0,0,0,1,0
http://southcn.com,0,0.0033,0.0066,0.1549,0,0
http://oschina.net,0,0,0,0,0,0
http://znds.com,0,0.0232,0.0659,0.0525,0,1
http://xingzuo360.cn,0,0.0127,0,0.0445,0,0
http://jstv.com,0,0.0507,0.0054,0.0652,0,0
http://guokr.com,0,0.0513,0,0.0513,0,0
http://u17.com,0,0.0054,0.0044,0.0446,0,1
http://mail.126.com,0,0,0,0.6757,0,0
http://qichacha.com,0,1,0,0,0,0
http://hotels.ctrip.com,0,0.0188,0.0258,0.1056,0,0
http://hc360.com,0,0.0043,0.0008,0.033,0,0
http://lawtime.cn,0,0,0.0048,0.0887,0,0
http://cicpa.org.cn,0,0.0081,0.0081,0.0565,0,0
http://caixin.com,0,0.0043,0,0.0239,0,0
http://duote.com,0,0.0212,0,0.0296,0,1
http://kekenet.com,0,0.0125,0.0274,0.0615,0,0
http://ickd.cn,0,0.0177,0,0.0354,0,0
http://jzb.com,0,0,0,0.0864,0,0
http://flight.qunar.com,0,0.2561,0.014,0.1263,0,0
http://quanjing.com,0,0,0.1171,0.045,0,0
http://aipai.com,0,0.0048,0.128,0.0106,0,1
http://wanmei.com,0,0,0,0.2,0,0
http://jb51.net,0,0,0.0034,0.0425,0,0
http://fengniao.com,0,0.0016,0.0031,0.0343,0,0
http://onegreen.net,0,0,0,0.2222,0,0
http://duanwenxue.com,0,0.0676,0.018,0.0541,0,0
http://cnmo.com,0,0.0076,0.0038,0.1943,0,0
http://cnr.cn,0,0.017,0,0.1449,0,0
http://duwenzhang.com,0,0,0.0314,0.2147,0,0
http://qpgyy.com,0,0.0108,0,0.0036,0,0
http://tianyancha.com,0,0,0,0.0398,0,0
http://leju.com,0,0.0793,0.0006,0.1354,0,0
http://netbian.com,0,0,0,0.5104,0,0
http://globrand.com,0,0,0.0014,0.0801,0,0
http://downza.cn,0,0,0,1,0,0
http://nga.cn,0,0,0.6196,0.25,0,0
http://www.233.com,0,0.022,0,0.002,0,0
http://360che.com,0,0.0015,0.0405,0.0474,0,0
http://99.com.cn,0,0,0.003,0.0376,0,0
http://product.pconline.com.cn,0,0.0177,0,0.0063,0,0
http://csai.cn,0,0.051,0,0.0637,0,0
http://cjdby.net,1,0.0205,0.1818,0.2229,0,0
http://17house.com,0,0,0,0,1,0
http://booking.com,0,0.0088,0,0.0088,0,1
http://ikea.com,0,0.2195,0.0081,0.2033,0,0
http://ifanr.com,0,0,0.037,0.1343,0,1
http://home.meishichina.com,0,0.0068,0,0,0,0
http://fudan.edu.cn,0,0.1086,0,0.08,0,0
http://online.sh.cn,0,0,0,0.0341,0,0
http://cztv.com,0,0,0,0,1,0
http://ijq.tv,0,0.0016,0,0.0143,0,0
http://588ku.com,0,0,0,0,1,0
http://www.pcsoft.com.cn,0,0.0114,0,0.0171,0,0
http://home.meishichina.com,0,0.0068,0,0,0,0
http://fudan.edu.cn,0,0.1086,0,0.08,0,0
http://online.sh.cn,0,0,0,0.0341,0,0
http://cztv.com,0,0,0,0,1,0
http://ijq.tv,0,0.0016,0,0.0143,0,0
http://588ku.com,0,0,0,0,1,0
http://www.pcsoft.com.cn,0,0.0114,0,0.0171,0,0
http://zhongkao.com,0,0.0033,0,0.0473,0,1
http://xxsy.net,0,0.0026,0,0.0385,0,0
http://chaoxing.com,0,0.4375,0,0.125,0,0
http://11467.com,0,0,0.0028,0.0615,0,0
http://guazi.com,0,0,0,0,1,0
http://crsky.com,0,0,0,0.0652,0,0
http://win4000.com,0,0.0117,0,0.1016,0,0
http://zhenai.com,0,0,0,0.1212,0,0
http://ce.cn,1,0,0,0.1,0,0
http://win007.com,0,0,0.025,0.0442,0,0
http://zhulong.com,0,0.0274,0,0.1222,0,0
http://tangdou.com,0,0,0,0.4571,0,0
http://newmotor.com.cn,0,0.0012,0.0023,0.0808,0,0
http://downcc.com,0,0,0,0.0172,0,0
http://iqilu.com,0,0.0234,0.0047,0.0973,0,0
http://973.com,0,0.0011,0,0.0432,0,0
http://taoguba.com.cn,0,0,0,0.1338,0,0
http://lt.cjdby.net,1,0.0205,0.1818,0.2229,0,0
http://25pp.com,0,0.0278,0.0056,0.2167,0,0
http://jiaoyimao.com,0,0.0047,0,0.0292,0,0
http://leleketang.com,0,0.0172,0.069,0.7931,0,0
http://bj.lianjia.com,0,0,0,0,1,0
http://meijutt.com,0,0,0,0.0326,0,0
http://5sing.kugou.com,0,0.1504,0,0.0155,0,0
http://gxnews.com.cn,1,0.0125,0.0196,0.098,0,0
http://lvmama.com,0,0.0202,0,0.0808,0,0
http://amap.com,0,0,0,0,1,0
http://vivo.com.cn,0,0,0.025,0.2687,0,0
http://weimeicun.com,0,0,0,0.3125,0,0
http://meilele.com,0,0.0308,0,0.0408,0,0
http://louisvuitton.com,0,0,0,0.0357,0,0
http://sinaapp.com,0,0,0,0,0,0
http://data.eastmoney.com,0,0,0.0024,0.0012,0,0
http://ele.me,0,0,0,0,1,0
http://job5156.com,0,0.0155,0,0.2481,0,0
http://36kr.com,0,0,0,0.0494,0,0
http://ems.com.cn,1,0.0164,0,0.1475,0,0
http://damai.cn,0,0,0,0.1395,0,0
http://bjrbj.gov.cn,0,0.014,0,0.1402,0,0
http://forex.hexun.com,0,0.0033,0.0132,0.1258,0,0
http://ftchinese.com,0,0.0025,0.0203,0.0304,0,0
http://chinagwy.org,0,0,0,0,0,0
http://meet99.com,0,0,0,0.0926,0,1
http://www.meizu.com,0,0,0,0,1,0
http://tom.com,0,0,0,0.0161,0,0
http://sports.163.com,1,0.0764,0,0.044,0,1
http://live.bilibili.com,0,0,0,0,0,0
http://2018.cn,0,0,0,0.1485,0,0
http://yoka.com,0,0.0409,0,0.0409,0,0
http://ci123.com,0,0,0,0,1,0
http://55125.cn,0,0.0013,0.0687,0.186,0,0
http://club.autohome.com.cn,0,0.0391,0.0036,0.0036,0,0
http://cnfol.com,0,0.0127,0.0382,0.0921,0,0
http://enorth.com.cn,1,0,0,0.1086,0,0
http://post.smzdm.com,0,0,0,0,1,0
http://cankaoxiaoxi.com,0,0.0376,0,0.032,0,0
http://downxia.com,0,0.0198,0,0.0229,0,0
http://wbiao.cn,0,0.0202,0,0.0587,0,0
http://huangye88.com,0,0,0,0.0218,0,0
http://1010jiajiao.com,0,0,0.1514,0.2615,0,1
http://km.com,0,0,0,0.1304,0,0
http://dl.pconline.com.cn,0,0,0,0.0378,0,0
http://zysj.com.cn,0,0.065,0.0569,0.0813,0,0
http://news.china.com,0,0.003,0,0,0,0
http://yhd.com,0,0.0263,0,0.0702,0,0
http://xiaopi.com,0,0,0,0.1293,0,0
http://5nd.com,0,0.2189,0,0.0287,0,0
http://39yst.com,0,0.0132,0,0.2456,0,0
http://keaidian.com,0,0,0,0.0348,0,0
http://kuaikanmanhua.com,0,0,0,0.0229,0,0
http://ixiumei.com,0,0.0021,0,0.0719,0,0
http://xoyo.com,0,0,0,0,0,0
http://15tianqi.com,0,0,0,0,0,0
http://qingting.fm,0,0.0028,0,0.0114,0,0
http://duitang.com,0,0.0377,0,0.1509,0,0
http://developer.mozilla.org,0,0,0,0.1385,0,0
http://b2b168.com,0,0,0.0024,0.0209,0,0
http://mayi.com,0,0,0,0.2116,0,0
http://nanrenwo.net,0,0.0275,0.0013,0.0525,0,0
http://qupu123.com,0,0,0,0.0144,0,0
http://aoshu.com,0,0.0068,0.0012,0.0371,0,1
http://skycn.com,0,0.0319,0,0.0887,0,0
http://yangshitianqi.com,0,0.0204,0,0.3571,0,0
http://ddooo.com,0,0.0032,0.0037,0.0277,0,0
http://myzaker.com,0,0,0.0586,0.1016,0,0
http://bmlink.com,0,0.0052,0.0052,0.3571,0,0
http://jobs.zhaopin.com,0,0.0029,0,0.0019,0,0
http://yyets.com,0,0,0,0,1,0
http://tiexue.net,0,0,0.0031,0.135,0,0
http://gaodun.com,1,0.0022,0.0054,0.0574,0,0
http://mnw.cn,0,0.0127,0.0382,0.2166,0,0
http://5tu.cn,0,0.004,0.008,0.0478,0,0
http://rong360.com,0,0,0,0,1,0
http://southmoney.com,0,0.0088,0,0.1029,0,0
http://ent.163.com,1,0.0293,0,0.2122,0,1
http://go007.com,0,0.0153,0.0044,0.0675,0,0
http://www.pansoso.com,0,0,0,0,1,0
http://bmw.com.cn,0,0.0909,0,0.0164,0,0
http://61ertong.com,1,0,0.1627,0.098,0,0
http://yz.chsi.com.cn,0,0,0.0035,0.0319,0,1
http://cheshi.com,0,0.0106,0.0342,0.0386,0,0
http://3158.cn,0,0.0007,0,0.0074,0,0
http://baike.1688.com,0,0.0777,0,0.0303,0,0
http://med66.com,0,0.0068,0,0.0901,0,0
http://xinshangmeng.com,0,0,0,0,1,0
http://pingshu8.com,0,0,0.0008,0.0131,0,0
http://4399.cn,0,0.0154,0.0028,0.6152,0,1
http://tv.cntv.cn,0,0.0149,0,0.9538,0,0
http://cncrk.com,0,0.0014,0.0007,0.0477,0,0
http://xiziwang.net,0,0.2,0,0.6,0,0
http://fun.tv,0,0.0368,0.0074,0.2022,0,1
http://xinnet.com,0,0.0497,0,0.0821,0,0
http://zixun.jia.com,0,0.0505,0,0.0599,0,0
http://bbs.pinggu.org,0,0,0,0,1,0
http://nowscore.com,0,0,0.01,0.0448,0,0
http://www.zto.com,0,0.0087,0,0.113,0,0
http://xinli001.com,0,0.0069,0,0.0242,0,0
http://shiyebian.net,0,0,0,0,1,0
http://p2peye.com,0,0,0,0,1,0
http://www.cebbank.com,0,0.0156,0,0.0469,0,0
http://yicai.com,0,0.023,0,0.0345,0,0
http://228.com.cn,0,0,0,0,1,0
http://gezila.com,0,0.0073,0.0228,0.0529,0,1
http://zgjsks.com,0,0.0286,0.0015,0.0573,0,0
http://jobui.com,0,0,0,0,1,0
http://5068.com,1,0,0,0.0389,0,0
http://chemicalbook.com,0,0,0.0508,0.1111,0,0
http://puercn.com,0,0,0.0018,0.065,0,0
http://appchina.com,0,0.0062,0.0062,0.1636,0,1
http://e23.cn,0,0.0031,0.0368,0.1626,0,0
http://cnhubei.com,0,0.0241,0.0193,0.1614,0,0
http://rouding.com,0,0,0,0.2,0,0
http://www.17jita.com,0,0,0,0,1,0
http://110.com,0,0,0.0392,0.0114,0,0
http://bbs.jjwxc.net,0,0.0263,0.7105,0.1053,0,0
http://paypal.com,0,0.0161,0,0.129,0,1
http://trains.ctrip.com,0,0.029,0.0343,0.1029,0,0
http://oppo.com,0,0,0,0.1633,0,0
http://chashebao.com,0,0,0,0.1406,0,0
http://lol.qq.com,0,0,0.0172,0,0,0
http://boqii.com,0,0,0,0,1,0
http://jiemeng8.com,0,0.0315,0.0037,0.1074,0,0
http://mmbang.com,0,0,0,0,1,0
http://gdtv.cn,0,0,0,0.1592,0,0
http://aies.cn,0,0,0,0,0,0
http://100ppi.com,0,0,0.0017,0.0833,0,0
http://zhan.com,0,0.1154,0,0.0308,0,0
http://youzan.com,0,0.044,0.022,0.044,0,0
http://csair.com,0,0,0,0,1,0
http://hudong.com,0,0,0,0.8571,0,1
http://lizhi.fm,0,0.0054,0,0.0323,0,0
http://alimama.com,0,0,0,0.2639,0,1
http://www.beijing.gov.cn,0,0,0,0,1,0
http://acadsoc.com.cn,0,0.0588,0.3922,0.0392,0,0
http://hinews.cn,0,0.0047,0.0388,0.3163,0,0
http://familydoctor.com.cn,0,0.0463,0.0026,0.0718,0,0
http://www.volvocars.com,0,0,0,0,0,0
http://youbianku.com,0,0,0,0,1,0
http://jj.cn,0,0.0847,0.0678,0.3051,0,0
http://scol.com.cn,0,0,0.0021,0.1684,0,0
http://yanyue.cn,0,0,0,0,1,0
http://23us.la,0,0,0,0,1,0
http://xitek.com,0,0.0102,0.034,0.0714,0,0
http://house365.com,0,0,0.4615,0,0,0
http://www.mohurd.gov.cn,0,0,0,0.123,0,0
http://supfree.net,0,0.0039,0.0118,0.0315,0,0
http://taoche.com,0,0.0553,0.0008,0.0261,0,0
http://wmzhe.com,0,0.031,0,0.0853,0,0
http://ibm.com,0,0,0,0,0,0
http://www.sznews.com,0,0.0064,0.0181,0.1906,0,0
http://gongchang.com,0,0.0335,0.0457,0.0762,0,0
http://soso.com,0,0,0,1,0,0
http://xzbu.com,0,0.0556,0,0.3472,0,0
http://yy8844.cn,1,0,0,0.0474,0,0
http://guahao.com,0,0.014,0.0016,0.0217,0,1
http://jqw.com,0,0.0011,0.0429,0.0506,0,0
http://xs8.cn,0,0,0,0.0268,0,0
http://zuzuche.com,0,0.0339,0.1235,0.1255,0,0
http://wandoujia.com,0,0.0044,0.0087,0.262,0,0
http://vodjk.com,0,0.0345,0,0.0651,0,0
http://live.qq.com,0,0.0115,0.0115,0.0632,0,0
http://tuchong.com,0,0,0,0.1053,0,0
http://health.pclady.com.cn,0,0.0888,0,0.0133,0,0
http://qianlima.com,0,0,0,0,1,0
http://mipang.com,0,0.0069,0,0.128,0,0
http://jandan.net,1,0.3447,0.0062,0.0062,0,0
http://aliexpress.com,0,0.0379,0,0.2045,0,0
http://07073.com,0,0.0424,0,0.1042,0,0
http://dota2.com.cn,0,0,0,0,1,0
http://sports.cctv.com,0,0.0309,0,0.037,0,1
http://mofangge.com,0,0,0,0.2593,0,0
http://zjut.cc,0,0,0,0.0183,0,0
http://wenming.cn,0,0.0066,0.0033,0.1579,0,0
http://doupocangqiong1.com,0,0,0,0.0144,0,0
http://dajie.com,0,0.0064,0,0.0051,0,1
http://www.fedex.com,0,0,0,0.0176,0,0
http://wanfangdata.com.cn,0,0.007,0.007,0.0559,0,0
http://battlenet.com.cn,0,0,0,0.7732,0,0
http://efu.com.cn,0,0.003,0.0023,0.039,0,1
http://huochepiao.com,0,0,0,0,0,0
http://cnbeta.com,0,0,0.0045,0.1161,0,0
http://audi.cn,0,0.0366,0.0037,0.0201,0,0
http://jobs.51job.com,0,0,0.011,0,0,0
http://www.tsinghua.edu.cn,0,0,0,0,1,0
http://cndesign.com,0,0,0.0032,0.1022,0,0
http://pchouse.com.cn,0,0.0025,0.0006,0.0324,0,0
http://dxy.cn,0,0.0295,0.0369,0.262,0,1
http://cqmmgo.com,0,0.0635,0,0.1436,0,0
http://fwol.cn,0,0.0616,0.9058,0.024,0,0
http://699pic.com,1,0.0294,0.0034,0.0646,0,0
http://voc.com.cn,0,0.0024,0.0459,0.1932,0,0
http://www.cardbaobao.com,0,0,0.0588,0.1197,0,0
http://ppkao.com,0,0.0031,0.0008,0.0173,0,0
http://tingclass.net,0,0.0014,0.0036,0.0499,0,0
http://55128.cn,0,0,0.153,0.0388,0,0
http://naver.com,0,0.3423,0,0.0238,0,1
http://sccnn.com,0,0,0.0038,0.1547,0,0
http://danci.911cha.com,0,0,0,0,1,0
http://sciencenet.cn,1,0.0041,0.1837,0.0735,0,0
http://hongxiu.com,0,0,0,0.0232,0,0
http://jsyks.com,0,0.0026,0,0.112,0,0
http://nvsay.com,0,0,0,0.0762,0,0
http://shejiben.com,0,0.0021,0.0404,0.1021,0,0
http://liansuo.com,0,0.0467,0,0.0299,0,0
http://kan300.com,0,0,0,0,1,0
http://fccs.com,0,0,0,0.007,0,0
http://zhicheng.com,0,0,0,0.2113,0,0
http://zgzcw.com,0,0.0288,0,0.0535,0,0
http://qzone.cc,0,0.1058,0,0.0212,0,0
http://oracle.com,0,0,0,0.0941,0,0
http://www.duowan.com,0,0.0054,0.0076,0.075,0,0
http://upantool.com,0,0,0,0.0117,0,0
http://soku.com,0,0,0,0,1,0
http://kaixin001.com,0,0.0244,0.0244,0.1463,0,1
http://bus.mapbar.com,0,0.0091,0,0.0114,0,0
http://12333sb.com,0,0,0,0.1017,0,0
http://keyunzhan.com,0,0,0.0115,0.0885,0,0
http://auto.sina.com.cn,0,0.0014,0,0.0593,0,0
http://www.saic.gov.cn,1,0.1407,0,0.4885,0,0
http://www.10jqka.com.cn,0,0,0,0,1,0
http://qdaily.com,0,0.1731,0,0.0128,0,0
http://kongzhong.com,0,0,0,0.0789,0,0
http://bbs.3dmgame.com,1,0.0053,0.0286,0.0233,0,0
http://zbj.com,0,0.0084,0,0.092,0,0
http://lamabang.com,0,0.0038,0,0.0804,0,0
http://phb123.com,0,0.0263,0.8907,0.083,0,0
http://wdzj.com,0,0,0,0,1,0
http://kf.qq.com,0,0,0,0.1667,0,0
http://iyiou.com,0,0.0345,0,0.0517,0,0
http://jiakaobaodian.com,0,0,0,0.1098,0,0
http://youboy.com,0,0.0024,0,0.0142,0,0
http://www.dyhjw.com,0,0,0,0.1616,0,0
http://zhanqi.tv,0,0.2148,0.0067,0.2953,0,0
http://howbuy.com,0,0.0371,0,0.1335,0,0
http://s.cn,0,0.0285,0.0032,0.0507,0,0
http://99.com,0,0,0.0278,0.0833,0,0
http://weidian.com,0,0,0,0,1,0
http://kingdee.com,0,0.1029,0,0.0625,0,0
http://www.sipo.gov.cn,0,0.0183,0,0.3973,0,1
http://xhd.cn,0,0,0,0,1,0
http://dajiazhao.com,0,0,0.2419,0.13,0,0
http://douguo.com,0,0,0,0.0211,0,0
http://msn.com,1,0.0164,0,0.541,0,0
http://kdslife.com,0,0.0216,0.0216,0.0216,0,1
http://eqxiu.com,0,0,0,0,0,0
http://louisvuitton.cn,0,0,0,0.0074,0,0
http://mercedes-benz.com.cn,0,0.0294,0.0294,0.0441,0,0
http://diaoyur.com,0,0,0,0.0255,0,0
http://west.cn,0,0.0038,0.2308,0.0712,0,0
http://news.hexun.com,0,0,0,0,1,0
http://ltaaa.com,0,0.004,0.161,0.4036,0,0
http://sh.lianjia.com,0,0,0,0,1,0
http://teamviewer.com,0,0.049,0.0196,0.1176,0,0
http://dhl.com,0,0.0049,0.0049,0.4261,0,0
http://21food.cn,0,0.0075,0,0.0386,0,0
http://miit.gov.cn,0,0,0,0.0284,0,0
http://hunliji.com,0,0.0115,0,0.1374,0,0
http://yuemei.com,0,0.042,0,0.0252,0,0
http://kaoyan.com,0,0.0016,0.03,0.0632,0,0
http://t.qq.com,0,0,0,0,1,0
http://huxiu.com,0,0,0,0,1,0
http://go.cqmmgo.com,0,0.0635,0,0.1436,0,0
http://cnbanbao.cn,0,0.2,0,0.6,0,0
http://1234567.com.cn,0,0,0,0,1,0
http://wallstreetcn.com,0,0,0,0.1413,0,0
http://78dm.net,0,0.0236,0.2827,0.0995,0,0
http://watch.xbiao.com,0,0.0513,0,0.0292,0,0
http://nsfc.gov.cn,0,0,0,0.0694,0,0
http://tiancity.com,0,0.0294,0,0.0588,0,0
http://388g.com,0,0.0303,0,0.0909,0,0
http://lanrentuku.com,0,0.0054,0.0108,0.0432,0,0
http://verycd.com,0,0.0183,0,0.0248,0,1
http://pvp.qq.com,0,0.0996,0,0.0111,0,0
http://news.mydrivers.com,0,0.0127,0,0.1556,0,0
http://sports.eastday.com,0,0.0068,0,0.0612,0,0
http://web.sanguosha.com,0,0.4412,0,0.0294,0,0
http://cfi.cn,0,0,0.0094,0.0126,0,0
http://fantizi5.com,0,0,0,0.2676,0,0
http://lol.duowan.com,0,0.0457,0.0074,0.0568,0,0
http://szhome.com,0,0,0.0017,0.0101,0,0
http://artron.net,0,0.0097,0.114,0.0231,0,0
http://wenzhangba.com,0,0,0.1096,0.0365,0,0
http://stock.eastmoney.com,0,0.002,0.002,0.0219,0,0
http://www.ceair.com,0,0.0047,0.0233,0.2744,0,0
http://cli.im,0,0.1429,0,0.0102,0,0
http://xunjiepdf.com,0,0,0.0161,0.1935,0,0
http://jiazhao.com,0,0,0,0.0233,0,0
http://mkzhan.com,0,0.0121,0,0.0922,0,0
http://shop.bytravel.cn,0,0.0013,0,0.0188,0,0
http://pc.qq.com,0,0,0,0,1,0
http://doc.mbalib.com,0,0,0.0066,0.0066,0,0
http://eduyun.cn,0,0,0,0,1,0
http://www.csrc.gov.cn,0,0,0,0,1,0
http://cnwav.com,0,0,0.4582,0.1045,0,0
http://duba.com,1,0.0204,0.0092,0.6293,0,0
http://it168.com,0,0,0,0.0679,0,0
http://icauto.com.cn,0,0.0326,0,0.0196,0,0
http://77nt.com,0,0,0,0,0,0
http://chengyu.t086.com,1,0.0231,0.2409,0.0693,0,0
http://gfan.com,1,0.0244,0.0756,0.1732,0,1
http://hikvision.com,0,0,0,0,1,0
http://jitaba.cn,0,0,0,0,1,0
http://zhe800.com,0,0,0,0.0659,0,0
http://travel.qunar.com,0,0.0476,0.004,0.0079,0,0
http://dnf.qq.com,0,0,0,0,0,0
http://www.cmbc.com.cn,0,0.0314,0.0052,0.1152,0,0
http://gucheng.com,0,0,0,0.2009,0,0
http://114piaowu.com,0,0.0034,0,0.1275,0,1
http://v.6.cn,0,0.0869,0.1188,0.0301,0,0
http://cqu.edu.cn,0,0.0256,0.0769,0.1026,0,0
http://zjzwfw.gov.cn,0,0.2727,0,0.1818,0,0
http://www.pbc.gov.cn,0,0,0,0,1,0
http://8264.com,0,0.0122,0.0091,0.076,0,0
http://cdstm.cn,0,0.0368,0.0167,0.0736,0,0
http://chinachugui.com,0,0,0.0089,0.0653,0,0
http://xiaomi.cn,0,0,0,0.0627,0,0
http://yidianzixun.com,0,0.027,0,0,0,0
http://365jia.cn,0,0.0702,0,0.0439,0,0
http://kujiale.com,0,0,0,0,1,0
http://fanjian.net,0,0,0,0,1,0
http://mt.sohu.com,0,0.0058,0,0,0,0
http://www.cib.com.cn,0,0.0355,0,0.0508,0,0
http://jxnews.com.cn,0,0.0042,0.0572,0.2524,0,0
http://ea3w.com,0,0,0,0,1,0
http://fobshanghai.com,0,0,0,0,1,0
http://ebrun.com,0,0,0,0.1509,0,0
http://newasp.net,0,0,0,0.0336,0,0
http://qingdaonews.com,0,0.0148,0.021,0.1233,0,0
http://download.csdn.net,0,0.1205,0,0.0045,0,0
http://kanunu8.com,0,0,0,0,1,0
http://www.customs.gov.cn,0,0.0048,0.0944,0.0242,0,0
http://www.baihe.com,0,0.4211,0.0526,0,0,0
http://pedaily.cn,0,0.0042,0.0063,0.2292,0,0
http://cwl.gov.cn,0,0.0165,0.0028,0.0909,0,0
http://www.imooc.com,0,0.0082,0.0041,0.0327,0,0
http://club.kdnet.net,0,0.006,0.018,0.1018,0,0
http://midea.com,0,0.0991,0,0.2252,0,0
http://chiphell.com,0,0.2,0,0.6,0,0
http://feng.com,0,0.0582,0.1799,0.1852,0,0
http://17zwd.com,0,0.2759,0.0033,0.0116,0,0
http://instrument.com.cn,0,0,0.0101,0.0113,0,0
http://chem17.com,0,0.0108,0.005,0.054,0,0
http://bjx.com.cn,0,0,0,0,1,0
http://qbaobei.com,0,0,0,0.0548,0,0
http://ibaotu.com,0,0.034,0,0.0615,0,0
http://account.chsi.com.cn,0,0,0,0.25,0,0
http://vvvdj.com,0,0,0,0.0562,0,0
http://bbs.tiexue.net,0,0,0.0071,0.2146,0,0
http://search.liqucn.com,0,0.005,0.005,0.015,0,0
http://37.com,0,0.0255,0.2593,0.0864,0,0
http://d1ev.com,0,0,0,0,1,0
http://news.eastday.com,0,0,0.037,0.358,0,0
http://dingtalk.com,0,0.0516,0.0065,0.0839,0,0
http://www.cgbchina.com.cn,1,0.0216,0,0.039,0,0
http://huoche.net,0,0,0,0.0164,0,0
http://oray.com,0,0,0,0.1102,0,0
http://ef43.com.cn,0,0.0015,0.0081,0.1759,0,0
http://xa.gov.cn,0,0,0,0,1,0
http://1024sj.com,1,0,0.0209,0.0026,0,0
http://uisdc.com,0,0.0085,0,0.1603,0,0
http://windows7en.com,0,0.0048,0,0.0481,0,0
http://anruan.com,0,0.0017,0.0009,0.0497,0,0
http://soso.nipic.com,0,0.0068,0.0135,0.1486,0,0
http://smm.cn,0,0.0162,0,0.1136,0,0
http://gxrc.com,0,0.0833,0.0417,0.25,0,0
http://woniu.com,0,0.0833,0,0.0965,0,0
http://gz.gov.cn,0,0.0142,0,0.6023,0,0
http://gaokaopai.com,0,0.0725,0,0.1451,0,0
http://ccutu.com,0,0,0,0.1167,0,0
http://www.zju.edu.cn,0,0,0,0,1,0
http://mail.10086.cn,0,0.5,0,0,0,0
http://zgpingshu.com,0,0.0384,0.0024,0.0312,0,0
http://www.cjcp.com.cn,0,0.0086,0.256,0.0584,0,0
http://mop.com,0,0.0806,0.0081,0.0323,0,0
http://kankanews.com,0,0,0,0.0583,0,0
http://uc129.com,0,0,0,0.0996,0,0
http://s.weibo.com,0,0,0,0.1176,0,0
http://90sheji.com,0,0.2522,0.0025,0.0443,0,1
http://www.gaoxiaojob.com,0,0.0006,0.0019,0.0208,0,0
http://gamedog.cn,0,0,0,0,1,0
http://16888.com,0,0.0124,0.0012,0.0547,0,0
http://money.163.com,1,0.0229,0.0014,0.0844,0,1
http://dongqiudi.com,0,0,0,0,1,0
http://vmware.com,0,0,0,0.0702,0,0
http://258.com,0,0,0,0,1,0
http://www.cpic.com.cn,0,0.0447,0,0.0279,0,1
http://newcger.com,0,0.1801,0,0.0621,0,0
http://zzidc.com,0,0,0,0,1,0
http://bookschina.com,0,0,0.0468,0.009,0,0
http://cantonfair.org.cn,0,0.0048,0.2319,0.1256,0,0
http://asus.com.cn,0,0,0,0,1,0
http://scu.edu.cn,0,0.5714,0,0,0,0
http://okbuy.com,0,0.0062,0,0.0123,0,1
http://tieyou.com,0,0.0042,0.0126,0.1048,0,0
http://cf.qq.com,0,0.3605,0,0,0,0
http://a9vg.com,0,0,0.0016,0.0714,0,0
http://vvic.com,0,0.0085,0.0015,0.0216,0,0
http://alitrip.com,1,0.0035,0.0142,0.5887,0,0
http://hm.com,0,0,0,0,0,0
http://www.sjtu.edu.cn,0,0,0,0,0,0
http://17track.net,0,0,0,0.2,0,0
http://biquku.com,0,0,0.0051,0.0051,0,0
http://dd373.com,0,0.0289,0,0.0675,0,0
http://100bt.com,0,0,0,0.2537,0,1
http://jiaodong.net,0,0.0142,0.016,0.0872,0,0
http://ustc.edu.cn,0,0,0.0813,0.0407,0,0
http://hanfan.cc,0,0.0072,0,0.0072,0,1
http://ktkkt.com,0,0,0,0.0543,0,0
http://sbj.saic.gov.cn,0,0,0,0.0924,0,0
http://military.china.com,0,0,0,0,0,0
http://medsci.cn,0,0,0,0,1,0
http://faxingzhan.com,0,0.0204,0,0.1145,0,0
http://stock.jrj.com.cn,0,0.0085,0,0.0393,0,1
http://justeasy.cn,0,0.0129,0.1587,0.0443,0,0
http://most.gov.cn,0,0,0.005,0.2525,0,0
http://www.dongfeng-nissan.com.cn,0,0.021,0.007,0.049,0,0
http://jiankang.com,0,0.0175,0,0.1329,0,0
http://games.qq.com,1,0.0179,0.0028,0.2455,0,1
http://chinatimes.com,0,0.0203,0,0.0122,0,0
http://ups.com,0,0.027,0,0,0,0
http://vjshi.com,0,0.0092,0.0062,0.1354,0,0
http://cqvip.com,0,0.0429,0.0714,0.2286,0,0
http://962.net,0,0.0019,0,0.1078,0,0
http://city8.com,0,0,0,0,1,0
http://wenjuan.com,0,0.041,0,0.082,0,0
http://tingroom.com,0,0.0058,0.0487,0.0288,0,1
http://hangzhou.com.cn,0,0.0062,0.0404,0.172,0,0
http://fanli.com,0,0.0059,0,0.0742,0,0
http://55haitao.com,0,0,0.004,0.0054,0,0
http://chemcp.com,0,0,0.1512,0.0522,0,0
http://joyme.com,0,0,0,0,1,0
http://iplaysoft.com,0,0,0,0.0379,0,0
http://loupan.com,0,0,0,0.0307,0,0
http://53.com.cn,0,0.0061,0.0009,0.0509,0,0
http://66rpg.com,0,0.156,0,0.0071,0,0
http://u51.com,0,0,0,0,1,0
http://310win.com,0,0,0.1538,0.0625,0,0
http://chinayigui.com,0,0,0.0096,0.0663,0,0
http://fengj.com,0,0,0.0215,0.0789,0,0
http://zanmeishi.com,0,0.1366,0.0058,0.0349,0,0
http://pgyer.com,0,0.0476,0,0.1619,0,0
http://blogchina.com,0,0.0225,0,0.015,0,0
http://chunyuyisheng.com,0,0,0,0,0,0
http://exam8.com,0,0.0059,0.0164,0.1565,0,0
http://dict.hjenglish.com,0,0,0,0,1,0
http://xiaojukeji.com,0,0,0,0,1,0
http://lkong.net,1,0.028,0.3925,0.1729,0,0
http://zgsydw.com,0,0.012,0,0.1222,0,0
http://yinhang123.net,0,0.0136,0.0218,0.0536,0,0
http://space.bilibili.com,0,0,0,0,1,0
http://115.com,0,0.3043,0,0.2174,0,0
http://ch.com,0,0.0338,0.0045,0.1104,0,0
http://www.haier.com,0,0.0068,0,0.0317,0,0
http://21cnjy.com,0,0.0166,0.0281,0.0215,0,0
http://52z.com,0,0.0062,0,0.0741,0,0
http://msdn.microsoft.com,0,0.0132,0,0.25,0,1
http://open.com.cn,0,0.0236,0,0.0708,0,0
http://hsw.cn,0,0.0006,0,0.0254,0,0
http://www.psbc.com,0,0,0,0,1,0
http://jihaoba.com,0,0.0099,0,0.0496,0,0
http://vacations.ctrip.com,0,0.0394,0.0255,0.1111,0,0
http://28.com,0,0.0013,0.0013,0.0126,0,0
http://wmxa.cn,0,0,0,0.0277,0,0
http://xitongzhijia.net,0,0,0,0,1,0
http://longzhu.com,0,0,0,0.1694,0,0
http://gb.cri.cn,0,0.0264,0.0053,0.0722,0,0
http://5tps.com,0,0,0,0.0198,0,0
http://www.zhipin.com,0,0.0111,0,0.0238,0,0
http://wtoip.com,0,0.0687,0,0.0473,0,0
http://cnool.net,0,0.0459,0.0077,0.1684,0,0
http://oeeee.com,0,0.0435,0.205,0.3043,0,0
http://xincheping.com,0,0.0029,0,0.0162,0,0
http://todayonhistory.com,0,0.0163,0,0.049,0,0
